<?xml version="1.0" encoding="UTF-8"?>
<modification>
	<id>Change background image v2.0</id>
	<version>1.4.x and 1.5.x</version>
	<vqmver required="true">2.4.0</vqmver>
	<author>Adnan Ahmad</author>
	
	<file path="admin/view/template/setting/setting.tpl">
		<operation error="skip">
			<search position="before" regex="false" offset="2"><![CDATA[<td><span class="required">*</span> <?php echo $entry_image_category; ?></td>]]></search>
			<add><![CDATA[<tr>
              <td><?php echo $text_backgroundimage;?><span class="help">Select position of background image</span></td>
              <td><div class="image"><img src="<?php echo $backgroundimage; ?>" alt="" id="thumb-backgroundimage" />
                  <input type="hidden" name="config_backgroundimage" value="<?php echo $config_backgroundimage; ?>" id="backgroundimage" />
                  <br />
                  <a onclick="image_upload('backgroundimage', 'thumb-backgroundimage');"><?php echo $text_browse; ?></a>&nbsp;&nbsp;|&nbsp;&nbsp;<a onclick="$('#thumb-backgroundimage').attr('src', '<?php echo $no_image; ?>'); $('#backgroundimage').attr('value', '');"><?php echo $text_clear; ?></a></div>
                  <select name="config_position">
	                  <?php if($config_position=='fixed'){ ?>
	                  <option value="fixed">Fixed</option>
	                  <option value="center">Center</option>
	                  <?php }elseif($config_position=='center'){ ?>
	                  <option value="center">Center</option>
	                  <option value="fixed">Fixed</option>
	                  <?php }else{?>
	                  <option value="">Select Position</option>
	                  <option value="fixed">Fixed</option>
	                  <option value="center">Center</option>
	                  <?php }?>
              	  </select>
              	  <span class="help">If you Liked this extension and want to add more Options init then <a href="http://www.opencart.com/index.php?route=extension/extension/info&extension_id=17473" target="_blank">click here</a></span>
          		</td>
            </tr>
]]></add>
		</operation>
	</file>

	<file path="admin/language/*/setting/setting.php">
		<operation error="skip">
			<search position="before" regex="false"><![CDATA[?>]]></search>
			<add><![CDATA[$_['text_backgroundimage']    = 'Background Image';]]></add>
		</operation>
	</file>

	<file path="admin/controller/setting/setting.php">
		<operation error="skip">
			<search position="after" regex="false"><![CDATA[$this->load->model('tool/image');]]></search>
			<add><![CDATA[
				$this->data['text_backgroundimage'] = $this->language->get('text_backgroundimage');
				if (isset($this->request->post['config_position'])) {
					$this->data['config_position'] = $this->request->post['config_position'];
				} else{
					$this->data['config_position'] = $this->config->get('config_position');			
				}
				if (isset($this->request->post['config_backgroundimage'])) {
					$this->data['config_backgroundimage'] = $this->request->post['config_backgroundimage'];
				} else{
					$this->data['config_backgroundimage'] = $this->config->get('config_backgroundimage');			
				}
				if ($this->config->get('config_backgroundimage') && file_exists(DIR_IMAGE . $this->config->get('config_backgroundimage')) && is_file(DIR_IMAGE . $this->config->get('config_backgroundimage'))) {
					$this->data['backgroundimage'] = $this->model_tool_image->resize($this->config->get('config_backgroundimage'), 100, 100);	
				} else {
					$this->data['backgroundimage'] = $this->model_tool_image->resize('no_image.jpg', 100, 100);
				}
		]]></add>
		</operation>
	</file>
	<file path="catalog/view/theme/*/template/common/header.tpl">
		<operation error="skip">
			<search position="before" regex="false"><![CDATA[</head>]]></search>
			<add><![CDATA[
				<style type="text/css">
					<?php if($position=='fixed'){ ?>
						body{
							background-image:url('<?php echo $backgroundimage;?>') !important;
							background-repeat:no-repeat !important;
  							-webkit-background-size: cover !important;
							-moz-background-size: cover !important;
							-o-background-size: cover !important;
  							background-size: cover !important;
							background-position:center center !important;
							background-attachment:fixed !important;
					    }
					<?php }else{ ?>
						body{
							background-image:url('<?php echo $backgroundimage;?>') !important;
							background-repeat:no-repeat !important;
							-webkit-background-size: cover !important;
							-moz-background-size: cover !important;
							-o-background-size: cover !important;
  							background-size: cover !important;
							background-position:center center !important;
							background-attachment:scroll !important;
						}
	                <?php } ?>
            	</style>
            ]]>
           </add>
		</operation>
	</file>

	<file path="catalog/controller/common/header.php">
		<operation error="skip">
			<search position="before" regex="false"><![CDATA[$this->language->load('common/header');]]></search>
			<add><![CDATA[
				if ($this->config->get('config_position')) {
					$this->data['position'] = $this->config->get('config_position');
				} else {
					$this->data['position'] = '';
				}

				if ($this->config->get('config_backgroundimage') && file_exists(DIR_IMAGE . $this->config->get('config_backgroundimage'))) {
					$this->data['backgroundimage'] = HTTP_SERVER . 'image/' . $this->config->get('config_backgroundimage');
				} else {
					$this->data['backgroundimage'] = '';
				}
			
				if(isset($this->request->get['path']) AND !isset($this->request->get['product_id'])) {
					$parts = explode('_', (string)$this->request->get['path']);

					$category_id = (int)array_pop($parts);

					$query = $this->db->query("SELECT DISTINCT * FROM " . DB_PREFIX . "category c LEFT JOIN " . DB_PREFIX . "category_to_store c2s ON (c.category_id = c2s.category_id) WHERE c.category_id = '" . (int)$category_id . "' AND c2s.store_id =0 AND c.status = '1'");
					
					if(isset($query->row['config_backgroundimage']) AND !empty($query->row['config_backgroundimage']) ){
						$this->data['backgroundimage'] = HTTP_SERVER . 'image/' . $query->row['config_backgroundimage'];
					}

					
					if( isset($query->row['position']) AND !empty($query->row['position']) ){
						$this->data['position'] = $query->row['position'];
					}
					

				}

				if(isset($this->request->get['manufacturer_id'])) {

					$manufacturer_id = $this->request->get['manufacturer_id'];

					$query = $this->db->query("SELECT DISTINCT * FROM " . DB_PREFIX . "manufacturer m LEFT JOIN " . DB_PREFIX . "manufacturer_to_store m2s ON (m.manufacturer_id = m2s.manufacturer_id) WHERE m.manufacturer_id = '" . (int)$manufacturer_id . "' AND m2s.store_id =0 ");
					
					if(isset($query->row['config_backgroundimage']) AND !empty($query->row['config_backgroundimage']) ){
						$this->data['backgroundimage'] = HTTP_SERVER . 'image/' . $query->row['config_backgroundimage'];
					}

					
					if( isset($query->row['position']) AND !empty($query->row['position']) ){
						$this->data['position'] = $query->row['position'];
					}
					

				}

				if(isset($this->request->get['product_id'])) {
					$query = $this->db->query("SELECT DISTINCT * FROM " . DB_PREFIX . "product p LEFT JOIN " .DB_PREFIX. "product_to_store p2s ON (p.product_id = p2s.product_id) WHERE p.product_id = '" .(int)$this->request->get['product_id']. "' AND p2s.store_id = 0 AND p.status='1'");
					

					if(isset($query->row['config_backgroundimage']) AND !empty($query->row['config_backgroundimage']) ){
						$this->data['backgroundimage'] = HTTP_SERVER . 'image/' . $query->row['config_backgroundimage'];
					}

					
					if( isset($query->row['position']) AND !empty($query->row['position']) ){
						$this->data['position'] = $query->row['position'];
					}

				}	
		]]></add>
		</operation>
	</file>

	<!-- category work -->
	<file path="admin/view/template/catalog/category_form.tpl">
		<operation error="skip">
			<search position="before" regex="false" offset="2"><![CDATA[<td><?php echo $entry_top; ?></td>]]></search>
			<add><![CDATA[
				<tr>
              <td><?php echo $text_backgroundimage;?><span class="help">Select position of background image</span></td>
              <td><div class="image"><img src="<?php echo $backgroundimage; ?>" alt="" id="thumb-backgroundimage" />
                  <input type="hidden" name="config_backgroundimage" value="<?php echo $config_backgroundimage; ?>" id="backgroundimage" />
                  <br />
                  <a onclick="image_upload('backgroundimage', 'thumb-backgroundimage');"><?php echo $text_browse; ?></a>&nbsp;&nbsp;|&nbsp;&nbsp;<a onclick="$('#thumb-backgroundimage').attr('src', '<?php echo $no_image; ?>'); $('#backgroundimage').attr('value', '');"><?php echo $text_clear; ?></a></div>
                  <select name="config_position">
	                  <?php if($config_position=='fixed'){ ?>
	                  <option value="fixed">Fixed</option>
	                  <option value="center">Center</option>
	                  <?php }elseif($config_position=='center'){ ?>
	                  <option value="center">Center</option>
	                  <option value="fixed">Fixed</option>
	                  <?php }else{?>
	                  <option value="">Select Position</option>
	                  <option value="fixed">Fixed</option>
	                  <option value="center">Center</option>
	                  <?php }?>
              	  </select>
              	  <span class="help">If you Liked this extension and want to add more Options init then <a href="http://www.opencart.com/index.php?route=extension/extension/info&extension_id=17473" target="_blank">click here</a></span>
          		</td>
            </tr>
		]]></add>
		</operation>
	</file>
	
	<file path="admin/language/*/catalog/category.php">
		<operation error="skip">
			<search position="before" regex="false"><![CDATA[?>]]></search>
			<add><![CDATA[$_['text_backgroundimage']    = 'Background Image';]]></add>
		</operation>
	</file>

	<file path="admin/controller/catalog/category.php">
		<operation error="skip">
			<search position="after" index="2" regex="false"><![CDATA[$this->data['breadcrumbs'] = array();]]></search>
			<add><![CDATA[
				$db_check = $this->db->query("SHOW COLUMNS FROM `" . DB_PREFIX . "category` LIKE 'config_backgroundimage'");
				if (!$db_check->num_rows) {
					$this->db->query("ALTER TABLE  `".DB_PREFIX."category` ADD  `config_backgroundimage` VARCHAR( 255 ) NOT NULL AFTER  `status` ");
				}

				$db_check = $this->db->query("SHOW COLUMNS FROM `" . DB_PREFIX . "category` LIKE 'config_position'");
				if (!$db_check->num_rows) {
					$this->db->query("ALTER TABLE  `".DB_PREFIX."category` ADD  `config_position` VARCHAR( 40 ) NOT NULL AFTER  `status` ");
				}
				]]></add>
		</operation>
		<operation error="skip">
			<search position="after" regex="false"><![CDATA[$this->load->model('tool/image');]]></search>
			<add><![CDATA[
				$this->data['text_backgroundimage'] = $this->language->get('text_backgroundimage');

				if (isset($this->request->post['config_position'])) {
					$this->data['config_position'] = $this->request->post['config_position'];
				} elseif (!empty($category_info)) {
					$this->data['config_position'] = $category_info['config_position'];
				} else {
					$this->data['config_position'] = '';
				}

				if (isset($this->request->post['config_backgroundimage'])) {
					$this->data['config_backgroundimage'] = $this->request->post['config_backgroundimage'];
				} elseif (!empty($category_info)) {
					$this->data['config_backgroundimage'] = $category_info['config_backgroundimage'];
				} else {
					$this->data['config_backgroundimage'] = '';
				}
				
				if (isset($this->request->post['config_backgroundimage']) && file_exists(DIR_IMAGE . $this->request->post['config_backgroundimage'])) {
					$this->data['backgroundimage'] = $this->model_tool_image->resize($this->request->post['config_backgroundimage'], 100, 100);
				} elseif (!empty($category_info) && $category_info['config_backgroundimage'] && file_exists(DIR_IMAGE . $category_info['config_backgroundimage'])) {
					$this->data['backgroundimage'] = $this->model_tool_image->resize($category_info['config_backgroundimage'], 100, 100);
				} else {
					$this->data['backgroundimage'] = $this->model_tool_image->resize('no_image.jpg', 100, 100);
				}

			]]></add>
		</operation>
	</file>

	<file path="admin/model/catalog/category.php">
		<operation error="skip">
			<search position="replace" regex="false"><![CDATA[parent_id = '" . (int)$data['parent_id'] . "',]]></search>
			<add><![CDATA[
				parent_id = '" . (int)$data['parent_id'] . "', config_position = '" . $this->db->escape($data['config_position']) . "', config_backgroundimage = '" . $this->db->escape(html_entity_decode($data['config_backgroundimage'], ENT_QUOTES, 'UTF-8')) . "',
		]]></add>
		</operation>
	</file>

	<!-- product page work -->
	<file path="admin/view/template/catalog/product_form.tpl">
		<operation error="skip">
			<search position="before" offset="2" regex="false"><![CDATA[<td><?php echo $entry_date_available; ?></td>]]></search>
			<add><![CDATA[
			<tr>
              <td><?php echo $text_backgroundimage;?><span class="help">Select position of background image</span></td>
              <td><div class="image"><img src="<?php echo $backgroundimage; ?>" alt="" id="thumb-backgroundimage" />
                  <input type="hidden" name="config_backgroundimage" value="<?php echo $config_backgroundimage; ?>" id="backgroundimage" />
                  <br />
                  <a onclick="image_upload('backgroundimage', 'thumb-backgroundimage');"><?php echo $text_browse; ?></a>&nbsp;&nbsp;|&nbsp;&nbsp;<a onclick="$('#thumb-backgroundimage').attr('src', '<?php echo $no_image; ?>'); $('#backgroundimage').attr('value', '');"><?php echo $text_clear; ?></a></div>
                  <select name="config_position">
	                  <?php if($config_position=='fixed'){ ?>
	                  <option value="fixed">Fixed</option>
	                  <option value="center">Center</option>
	                  <?php }elseif($config_position=='center'){ ?>
	                  <option value="center">Center</option>
	                  <option value="fixed">Fixed</option>
	                  <?php }else{?>
	                  <option value="">Select Position</option>
	                  <option value="fixed">Fixed</option>
	                  <option value="center">Center</option>
	                  <?php }?>
              	  </select>
              	  <span class="help">If you Liked this extension and want to add more Options init then <a href="http://www.opencart.com/index.php?route=extension/extension/info&extension_id=17473" target="_blank">click here</a></span>
          		</td>
            </tr>
		]]></add>
		</operation>
	</file>

	<file path="admin/model/catalog/product.php">
		<operation error="skip">
			<search position="replace" regex="false"><![CDATA[model = '" . $this->db->escape($data['model']) . "',]]></search>
			<add><![CDATA[
				model = '" . $this->db->escape($data['model']) . "', config_backgroundimage = '" .  $this->db->escape(html_entity_decode($data['config_backgroundimage'], ENT_QUOTES, 'UTF-8')) . "', config_position = '" . $this->db->escape($data['config_position']) . "',
		]]></add>
		</operation>
	</file>

	<file path="admin/language/*/catalog/product.php">
		<operation error="skip">
			<search position="before" regex="false"><![CDATA[?>]]></search>
			<add><![CDATA[
				$_['text_backgroundimage']    = 'Background Image';
		]]></add>
		</operation>
	</file>

	<file path="admin/controller/catalog/product.php">

		<operation error="skip">
			<search position="after" index="2" regex="false"><![CDATA[$this->data['breadcrumbs'] = array();]]></search>
			<add><![CDATA[
				$db_check = $this->db->query("SHOW COLUMNS FROM `" . DB_PREFIX . "product` LIKE 'config_backgroundimage'");
				if (!$db_check->num_rows) {
					$this->db->query("ALTER TABLE  `".DB_PREFIX."product` ADD  `config_backgroundimage` VARCHAR( 255 ) NOT NULL AFTER  `viewed` ");
				}

				$db_check = $this->db->query("SHOW COLUMNS FROM `" . DB_PREFIX . "product` LIKE 'config_position'");
				if (!$db_check->num_rows) {
					$this->db->query("ALTER TABLE  `".DB_PREFIX."product` ADD  `config_position` VARCHAR( 40 ) NOT NULL AFTER  `viewed` ");
				}
				]]></add>
		</operation>

		<operation error="skip">
			<search position="after" index="2" regex="false"><![CDATA[$this->load->model('tool/image');]]></search>
			<add><![CDATA[
				$this->data['text_backgroundimage'] = $this->language->get('text_backgroundimage');

				if (isset($this->request->post['config_position'])) {
					$this->data['config_position'] = $this->request->post['config_position'];
				} elseif (!empty($product_info)) {
					$this->data['config_position'] = $product_info['config_position'];
				} else {
					$this->data['config_position'] = '';
				}

				if (isset($this->request->post['config_backgroundimage'])) {
					$this->data['config_backgroundimage'] = $this->request->post['config_backgroundimage'];
				} elseif (!empty($product_info)) {
					$this->data['config_backgroundimage'] = $product_info['config_backgroundimage'];
				} else {
					$this->data['config_backgroundimage'] = '';
				}
				
				if (isset($this->request->post['config_backgroundimage']) && file_exists(DIR_IMAGE . $this->request->post['config_backgroundimage'])) {
					$this->data['backgroundimage'] = $this->model_tool_image->resize($this->request->post['config_backgroundimage'], 100, 100);
				} elseif (!empty($product_info) && $product_info['config_backgroundimage'] && file_exists(DIR_IMAGE . $product_info['config_backgroundimage'])) {
					$this->data['backgroundimage'] = $this->model_tool_image->resize($product_info['config_backgroundimage'], 100, 100);
				} else {
					$this->data['backgroundimage'] = $this->model_tool_image->resize('no_image.jpg', 100, 100);
				}
		]]></add>
		</operation>
	</file>

	<!-- Manufacturer page work -->
	<file path="admin/view/template/catalog/manufacturer_form.tpl">
		<operation error="skip">
			<search position="before" offset="2" regex="false"><![CDATA[<td><?php echo $entry_sort_order; ?></td>]]></search>
			<add><![CDATA[
			<tr>
              <td><?php echo $text_backgroundimage;?><span class="help">Select position of background image</span></td>
              <td><div class="image"><img src="<?php echo $backgroundimage; ?>" alt="" id="thumb-backgroundimage" />
                  <input type="hidden" name="config_backgroundimage" value="<?php echo $config_backgroundimage; ?>" id="backgroundimage" />
                  <br />
                  <a onclick="image_upload('backgroundimage', 'thumb-backgroundimage');"><?php echo $text_browse; ?></a>&nbsp;&nbsp;|&nbsp;&nbsp;<a onclick="$('#thumb-backgroundimage').attr('src', '<?php echo $no_image; ?>'); $('#backgroundimage').attr('value', '');"><?php echo $text_clear; ?></a></div>
                  <select name="config_position">
	                  <?php if($config_position=='fixed'){ ?>
	                  <option value="fixed">Fixed</option>
	                  <option value="center">Center</option>
	                  <?php }elseif($config_position=='center'){ ?>
	                  <option value="center">Center</option>
	                  <option value="fixed">Fixed</option>
	                  <?php }else{ ?>
	                  <option value="">Select Position</option>
	                  <option value="fixed">Fixed</option>
	                  <option value="center">Center</option>
	                  <?php }?>
              	  </select>
              	  <span class="help">If you Liked this extension and want to add more Options init then <a href="http://www.opencart.com/index.php?route=extension/extension/info&extension_id=17473" target="_blank">click here</a></span>
          		</td>
            </tr>
		]]></add>
		</operation>
	</file>

	<file path="admin/controller/catalog/manufacturer.php">
		<operation error="skip">
			<search position="after" index="2" regex="false"><![CDATA[$this->data['breadcrumbs'] = array();]]></search>
			<add><![CDATA[
				$db_check = $this->db->query("SHOW COLUMNS FROM `" . DB_PREFIX . "manufacturer` LIKE 'config_backgroundimage'");
				if (!$db_check->num_rows) {
					$this->db->query("ALTER TABLE  `".DB_PREFIX."manufacturer` ADD  `config_backgroundimage` VARCHAR( 255 ) NOT NULL ");
				}

				$db_check = $this->db->query("SHOW COLUMNS FROM `" . DB_PREFIX . "manufacturer` LIKE 'config_position'");
				if (!$db_check->num_rows) {
					$this->db->query("ALTER TABLE  `".DB_PREFIX."manufacturer` ADD  `config_position` VARCHAR( 40 ) NOT NULL ");
				}
				]]></add>
		</operation>

		<operation error="skip">
			<search position="after" regex="false"><![CDATA[$this->load->model('tool/image');]]></search>
			<add><![CDATA[
				$this->data['text_backgroundimage'] = $this->language->get('text_backgroundimage');

				if (isset($this->request->post['config_position'])) {
					$this->data['config_position'] = $this->request->post['config_position'];
				} elseif (!empty($manufacturer_info)) {
					$this->data['config_position'] = $manufacturer_info['config_position'];
				} else {
					$this->data['config_position'] = '';
				}

				if (isset($this->request->post['config_backgroundimage'])) {
					$this->data['config_backgroundimage'] = $this->request->post['config_backgroundimage'];
				} elseif (!empty($manufacturer_info)) {
					$this->data['config_backgroundimage'] = $manufacturer_info['config_backgroundimage'];
				} else {
					$this->data['config_backgroundimage'] = '';
				}
				
				if (isset($this->request->post['config_backgroundimage']) && file_exists(DIR_IMAGE . $this->request->post['config_backgroundimage'])) {
					$this->data['backgroundimage'] = $this->model_tool_image->resize($this->request->post['config_backgroundimage'], 100, 100);
				} elseif (!empty($manufacturer_info) && $manufacturer_info['config_backgroundimage'] && file_exists(DIR_IMAGE . $manufacturer_info['config_backgroundimage'])) {
					$this->data['backgroundimage'] = $this->model_tool_image->resize($manufacturer_info['config_backgroundimage'], 100, 100);
				} else {
					$this->data['backgroundimage'] = $this->model_tool_image->resize('no_image.jpg', 100, 100);
				}
		]]></add>
		</operation>

	</file>

	<file path="admin/language/*/catalog/manufacturer.php">
		<operation error="skip">
			<search position="before" regex="false"><![CDATA[?>]]></search>
			<add><![CDATA[
				$_['text_backgroundimage']    = 'Background Image';
		]]></add>
		</operation>
	</file>

	<file path="admin/model/catalog/manufacturer.php">
		<operation error="skip">
			<search position="replace" regex="false"><![CDATA[name = '" . $this->db->escape($data['name']) . "',]]></search>
			<add><![CDATA[
				name = '" . $this->db->escape($data['name']) . "', config_backgroundimage = '" .  $this->db->escape(html_entity_decode($data['config_backgroundimage'], ENT_QUOTES, 'UTF-8')) . "', config_position = '" . $this->db->escape($data['config_position']) . "',
		]]></add>
		</operation>
	</file>


</modification>